SEX_ABS,Sex,STATE,State of Arrival,ASGS_2011,State of Departure,FREQUENCY,Frequency,TIME,Time,Value
2,Females,7,Northern Territory,5,Western Australia,Q,Quarterly,2017-Q3,Sep-17,240
2,Females,7,Northern Territory,5,Western Australia,Q,Quarterly,2017-Q4,Dec-17,266
2,Females,7,Northern Territory,5,Western Australia,Q,Quarterly,2018-Q1,Mar-18,238
2,Females,7,Northern Territory,5,Western Australia,Q,Quarterly,2018-Q2,Jun-18,256
2,Females,3,Queensland,2,Victoria,Q,Quarterly,2017-Q3,Sep-17,2597
2,Females,3,Queensland,2,Victoria,Q,Quarterly,2017-Q4,Dec-17,3606
2,Females,3,Queensland,2,Victoria,Q,Quarterly,2018-Q1,Mar-18,2876
2,Females,3,Queensland,2,Victoria,Q,Quarterly,2018-Q2,Jun-18,3124
2,Females,7,Northern Territory,1,New South Wales,Q,Quarterly,2017-Q3,Sep-17,290
2,Females,7,Northern Territory,1,New South Wales,Q,Quarterly,2017-Q4,Dec-17,394
2,Females,7,Northern Territory,1,New South Wales,Q,Quarterly,2018-Q1,Mar-18,305
2,Females,7,Northern Territory,1,New South Wales,Q,Quarterly,2018-Q2,Jun-18,273
2,Females,4,South Australia,7,Northern Territory,Q,Quarterly,2017-Q3,Sep-17,258
2,Females,4,South Australia,7,Northern Territory,Q,Quarterly,2017-Q4,Dec-17,352
2,Females,4,South Australia,7,Northern Territory,Q,Quarterly,2018-Q1,Mar-18,296
2,Females,4,South Australia,7,Northern Territory,Q,Quarterly,2018-Q2,Jun-18,235
1,Males,4,South Australia,2,Victoria,Q,Quarterly,2017-Q3,Sep-17,735
1,Males,4,South Australia,2,Victoria,Q,Quarterly,2017-Q4,Dec-17,843
1,Males,4,South Australia,2,Victoria,Q,Quarterly,2018-Q1,Mar-18,816
1,Males,4,South Australia,2,Victoria,Q,Quarterly,2018-Q2,Jun-18,857
2,Females,1,New South Wales,5,Western Australia,Q,Quarterly,2017-Q3,Sep-17,1161
2,Females,1,New South Wales,5,Western Australia,Q,Quarterly,2017-Q4,Dec-17,1448
2,Females,1,New South Wales,5,Western Australia,Q,Quarterly,2018-Q1,Mar-18,1137
2,Females,1,New South Wales,5,Western Australia,Q,Quarterly,2018-Q2,Jun-18,1169
1,Males,6,Tasmania,1,New South Wales,Q,Quarterly,2017-Q3,Sep-17,382
1,Males,6,Tasmania,1,New South Wales,Q,Quarterly,2017-Q4,Dec-17,451
1,Males,6,Tasmania,1,New South Wales,Q,Quarterly,2018-Q1,Mar-18,455
1,Males,6,Tasmania,1,New South Wales,Q,Quarterly,2018-Q2,Jun-18,436
1,Males,3,Queensland,7,Northern Territory,Q,Quarterly,2017-Q3,Sep-17,610
1,Males,3,Queensland,7,Northern Territory,Q,Quarterly,2017-Q4,Dec-17,826
1,Males,3,Queensland,7,Northern Territory,Q,Quarterly,2018-Q1,Mar-18,883
1,Males,3,Queensland,7,Northern Territory,Q,Quarterly,2018-Q2,Jun-18,697
3,Persons,4,South Australia,6,Tasmania,Q,Quarterly,2017-Q3,Sep-17,151
3,Persons,4,South Australia,6,Tasmania,Q,Quarterly,2017-Q4,Dec-17,171
3,Persons,4,South Australia,6,Tasmania,Q,Quarterly,2018-Q1,Mar-18,156
3,Persons,4,South Australia,6,Tasmania,Q,Quarterly,2018-Q2,Jun-18,181
2,Females,5,Western Australia,4,South Australia,Q,Quarterly,2017-Q3,Sep-17,295
2,Females,5,Western Australia,4,South Australia,Q,Quarterly,2017-Q4,Dec-17,315
2,Females,5,Western Australia,4,South Australia,Q,Quarterly,2018-Q1,Mar-18,260
2,Females,5,Western Australia,4,South Australia,Q,Quarterly,2018-Q2,Jun-18,277
1,Males,1,New South Wales,3,Queensland,Q,Quarterly,2017-Q3,Sep-17,4144
1,Males,1,New South Wales,3,Queensland,Q,Quarterly,2017-Q4,Dec-17,5143
1,Males,1,New South Wales,3,Queensland,Q,Quarterly,2018-Q1,Mar-18,4691
1,Males,1,New South Wales,3,Queensland,Q,Quarterly,2018-Q2,Jun-18,4456
1,Males,7,Northern Territory,3,Queensland,Q,Quarterly,2017-Q3,Sep-17,437
1,Males,7,Northern Territory,3,Queensland,Q,Quarterly,2017-Q4,Dec-17,534
1,Males,7,Northern Territory,3,Queensland,Q,Quarterly,2018-Q1,Mar-18,562
1,Males,7,Northern Territory,3,Queensland,Q,Quarterly,2018-Q2,Jun-18,451
3,Persons,8,Australian Capital Territory,7,Northern Territory,Q,Quarterly,2017-Q3,Sep-17,99
3,Persons,8,Australian Capital Territory,7,Northern Territory,Q,Quarterly,2017-Q4,Dec-17,168
3,Persons,8,Australian Capital Territory,7,Northern Territory,Q,Quarterly,2018-Q1,Mar-18,141
3,Persons,8,Australian Capital Territory,7,Northern Territory,Q,Quarterly,2018-Q2,Jun-18,106
3,Persons,7,Northern Territory,2,Victoria,Q,Quarterly,2017-Q3,Sep-17,597
3,Persons,7,Northern Territory,2,Victoria,Q,Quarterly,2017-Q4,Dec-17,833
3,Persons,7,Northern Territory,2,Victoria,Q,Quarterly,2018-Q1,Mar-18,613
3,Persons,7,Northern Territory,2,Victoria,Q,Quarterly,2018-Q2,Jun-18,679
1,Males,3,Queensland,5,Western Australia,Q,Quarterly,2017-Q3,Sep-17,1091
1,Males,3,Queensland,5,Western Australia,Q,Quarterly,2017-Q4,Dec-17,1354
1,Males,3,Queensland,5,Western Australia,Q,Quarterly,2018-Q1,Mar-18,1192
1,Males,3,Queensland,5,Western Australia,Q,Quarterly,2018-Q2,Jun-18,1312
2,Females,7,Northern Territory,8,Australian Capital Territory,Q,Quarterly,2017-Q3,Sep-17,31
2,Females,7,Northern Territory,8,Australian Capital Territory,Q,Quarterly,2017-Q4,Dec-17,46
2,Females,7,Northern Territory,8,Australian Capital Territory,Q,Quarterly,2018-Q1,Mar-18,39
2,Females,7,Northern Territory,8,Australian Capital Territory,Q,Quarterly,2018-Q2,Jun-18,50
1,Males,3,Queensland,1,New South Wales,Q,Quarterly,2017-Q3,Sep-17,5679
1,Males,3,Queensland,1,New South Wales,Q,Quarterly,2017-Q4,Dec-17,7379
1,Males,3,Queensland,1,New South Wales,Q,Quarterly,2018-Q1,Mar-18,6257
1,Males,3,Queensland,1,New South Wales,Q,Quarterly,2018-Q2,Jun-18,6201
3,Persons,3,Queensland,8,Australian Capital Territory,Q,Quarterly,2017-Q3,Sep-17,763
3,Persons,3,Queensland,8,Australian Capital Territory,Q,Quarterly,2017-Q4,Dec-17,1107
3,Persons,3,Queensland,8,Australian Capital Territory,Q,Quarterly,2018-Q1,Mar-18,908
3,Persons,3,Queensland,8,Australian Capital Territory,Q,Quarterly,2018-Q2,Jun-18,899
3,Persons,8,Australian Capital Territory,5,Western Australia,Q,Quarterly,2017-Q3,Sep-17,224
3,Persons,8,Australian Capital Territory,5,Western Australia,Q,Quarterly,2017-Q4,Dec-17,375
3,Persons,8,Australian Capital Territory,5,Western Australia,Q,Quarterly,2018-Q1,Mar-18,276
3,Persons,8,Australian Capital Territory,5,Western Australia,Q,Quarterly,2018-Q2,Jun-18,278
3,Persons,2,Victoria,7,Northern Territory,Q,Quarterly,2017-Q3,Sep-17,666
3,Persons,2,Victoria,7,Northern Territory,Q,Quarterly,2017-Q4,Dec-17,1016
3,Persons,2,Victoria,7,Northern Territory,Q,Quarterly,2018-Q1,Mar-18,828
3,Persons,2,Victoria,7,Northern Territory,Q,Quarterly,2018-Q2,Jun-18,774
3,Persons,1,New South Wales,2,Victoria,Q,Quarterly,2017-Q3,Sep-17,5848
3,Persons,1,New South Wales,2,Victoria,Q,Quarterly,2017-Q4,Dec-17,6972
3,Persons,1,New South Wales,2,Victoria,Q,Quarterly,2018-Q1,Mar-18,6331
3,Persons,1,New South Wales,2,Victoria,Q,Quarterly,2018-Q2,Jun-18,6591
1,Males,6,Tasmania,8,Australian Capital Territory,Q,Quarterly,2017-Q3,Sep-17,25
1,Males,6,Tasmania,8,Australian Capital Territory,Q,Quarterly,2017-Q4,Dec-17,43
1,Males,6,Tasmania,8,Australian Capital Territory,Q,Quarterly,2018-Q1,Mar-18,24
1,Males,6,Tasmania,8,Australian Capital Territory,Q,Quarterly,2018-Q2,Jun-18,39
1,Males,4,South Australia,4,South Australia,Q,Quarterly,2017-Q3,Sep-17,0
1,Males,4,South Australia,4,South Australia,Q,Quarterly,2017-Q4,Dec-17,0
1,Males,4,South Australia,4,South Australia,Q,Quarterly,2018-Q1,Mar-18,0
1,Males,4,South Australia,4,South Australia,Q,Quarterly,2018-Q2,Jun-18,0
2,Females,1,New South Wales,7,Northern Territory,Q,Quarterly,2017-Q3,Sep-17,347
2,Females,1,New South Wales,7,Northern Territory,Q,Quarterly,2017-Q4,Dec-17,404
2,Females,1,New South Wales,7,Northern Territory,Q,Quarterly,2018-Q1,Mar-18,383
2,Females,1,New South Wales,7,Northern Territory,Q,Quarterly,2018-Q2,Jun-18,354
1,Males,4,South Australia,6,Tasmania,Q,Quarterly,2017-Q3,Sep-17,76
1,Males,4,South Australia,6,Tasmania,Q,Quarterly,2017-Q4,Dec-17,79
1,Males,4,South Australia,6,Tasmania,Q,Quarterly,2018-Q1,Mar-18,79
1,Males,4,South Australia,6,Tasmania,Q,Quarterly,2018-Q2,Jun-18,78
1,Males,7,Northern Territory,4,South Australia,Q,Quarterly,2017-Q3,Sep-17,166
1,Males,7,Northern Territory,4,South Australia,Q,Quarterly,2017-Q4,Dec-17,243
1,Males,7,Northern Territory,4,South Australia,Q,Quarterly,2018-Q1,Mar-18,231
1,Males,7,Northern Territory,4,South Australia,Q,Quarterly,2018-Q2,Jun-18,224
2,Females,7,Northern Territory,7,Northern Territory,Q,Quarterly,2017-Q3,Sep-17,0
2,Females,7,Northern Territory,7,Northern Territory,Q,Quarterly,2017-Q4,Dec-17,0
2,Females,7,Northern Territory,7,Northern Territory,Q,Quarterly,2018-Q1,Mar-18,0
2,Females,7,Northern Territory,7,Northern Territory,Q,Quarterly,2018-Q2,Jun-18,0
3,Persons,1,New South Wales,6,Tasmania,Q,Quarterly,2017-Q3,Sep-17,419
3,Persons,1,New South Wales,6,Tasmania,Q,Quarterly,2017-Q4,Dec-17,616
3,Persons,1,New South Wales,6,Tasmania,Q,Quarterly,2018-Q1,Mar-18,539
3,Persons,1,New South Wales,6,Tasmania,Q,Quarterly,2018-Q2,Jun-18,509
1,Males,7,Northern Territory,2,Victoria,Q,Quarterly,2017-Q3,Sep-17,325
1,Males,7,Northern Territory,2,Victoria,Q,Quarterly,2017-Q4,Dec-17,450
1,Males,7,Northern Territory,2,Victoria,Q,Quarterly,2018-Q1,Mar-18,323
1,Males,7,Northern Territory,2,Victoria,Q,Quarterly,2018-Q2,Jun-18,376
2,Females,8,Australian Capital Territory,3,Queensland,Q,Quarterly,2017-Q3,Sep-17,336
2,Females,8,Australian Capital Territory,3,Queensland,Q,Quarterly,2017-Q4,Dec-17,519
2,Females,8,Australian Capital Territory,3,Queensland,Q,Quarterly,2018-Q1,Mar-18,390
2,Females,8,Australian Capital Territory,3,Queensland,Q,Quarterly,2018-Q2,Jun-18,383
1,Males,3,Queensland,8,Australian Capital Territory,Q,Quarterly,2017-Q3,Sep-17,358
1,Males,3,Queensland,8,Australian Capital Territory,Q,Quarterly,2017-Q4,Dec-17,558
1,Males,3,Queensland,8,Australian Capital Territory,Q,Quarterly,2018-Q1,Mar-18,466
1,Males,3,Queensland,8,Australian Capital Territory,Q,Quarterly,2018-Q2,Jun-18,453
3,Persons,1,New South Wales,3,Queensland,Q,Quarterly,2017-Q3,Sep-17,8273
3,Persons,1,New South Wales,3,Queensland,Q,Quarterly,2017-Q4,Dec-17,10281
3,Persons,1,New South Wales,3,Queensland,Q,Quarterly,2018-Q1,Mar-18,9159
3,Persons,1,New South Wales,3,Queensland,Q,Quarterly,2018-Q2,Jun-18,8974
2,Females,8,Australian Capital Territory,6,Tasmania,Q,Quarterly,2017-Q3,Sep-17,30
2,Females,8,Australian Capital Territory,6,Tasmania,Q,Quarterly,2017-Q4,Dec-17,43
2,Females,8,Australian Capital Territory,6,Tasmania,Q,Quarterly,2018-Q1,Mar-18,49
2,Females,8,Australian Capital Territory,6,Tasmania,Q,Quarterly,2018-Q2,Jun-18,50
3,Persons,6,Tasmania,8,Australian Capital Territory,Q,Quarterly,2017-Q3,Sep-17,55
3,Persons,6,Tasmania,8,Australian Capital Territory,Q,Quarterly,2017-Q4,Dec-17,87
3,Persons,6,Tasmania,8,Australian Capital Territory,Q,Quarterly,2018-Q1,Mar-18,53
3,Persons,6,Tasmania,8,Australian Capital Territory,Q,Quarterly,2018-Q2,Jun-18,70
2,Females,4,South Australia,5,Western Australia,Q,Quarterly,2017-Q3,Sep-17,268
2,Females,4,South Australia,5,Western Australia,Q,Quarterly,2017-Q4,Dec-17,356
2,Females,4,South Australia,5,Western Australia,Q,Quarterly,2018-Q1,Mar-18,277
2,Females,4,South Australia,5,Western Australia,Q,Quarterly,2018-Q2,Jun-18,262
1,Males,4,South Australia,3,Queensland,Q,Quarterly,2017-Q3,Sep-17,484
1,Males,4,South Australia,3,Queensland,Q,Quarterly,2017-Q4,Dec-17,638
1,Males,4,South Australia,3,Queensland,Q,Quarterly,2018-Q1,Mar-18,659
1,Males,4,South Australia,3,Queensland,Q,Quarterly,2018-Q2,Jun-18,574
3,Persons,7,Northern Territory,6,Tasmania,Q,Quarterly,2017-Q3,Sep-17,69
3,Persons,7,Northern Territory,6,Tasmania,Q,Quarterly,2017-Q4,Dec-17,53
3,Persons,7,Northern Territory,6,Tasmania,Q,Quarterly,2018-Q1,Mar-18,65
3,Persons,7,Northern Territory,6,Tasmania,Q,Quarterly,2018-Q2,Jun-18,68
2,Females,2,Victoria,4,South Australia,Q,Quarterly,2017-Q3,Sep-17,1042
2,Females,2,Victoria,4,South Australia,Q,Quarterly,2017-Q4,Dec-17,1352
2,Females,2,Victoria,4,South Australia,Q,Quarterly,2018-Q1,Mar-18,1291
2,Females,2,Victoria,4,South Australia,Q,Quarterly,2018-Q2,Jun-18,1238
3,Persons,6,Tasmania,4,South Australia,Q,Quarterly,2017-Q3,Sep-17,167
3,Persons,6,Tasmania,4,South Australia,Q,Quarterly,2017-Q4,Dec-17,216
3,Persons,6,Tasmania,4,South Australia,Q,Quarterly,2018-Q1,Mar-18,181
3,Persons,6,Tasmania,4,South Australia,Q,Quarterly,2018-Q2,Jun-18,175
3,Persons,4,South Australia,2,Victoria,Q,Quarterly,2017-Q3,Sep-17,1424
3,Persons,4,South Australia,2,Victoria,Q,Quarterly,2017-Q4,Dec-17,1789
3,Persons,4,South Australia,2,Victoria,Q,Quarterly,2018-Q1,Mar-18,1621
3,Persons,4,South Australia,2,Victoria,Q,Quarterly,2018-Q2,Jun-18,1822
3,Persons,5,Western Australia,7,Northern Territory,Q,Quarterly,2017-Q3,Sep-17,430
3,Persons,5,Western Australia,7,Northern Territory,Q,Quarterly,2017-Q4,Dec-17,652
3,Persons,5,Western Australia,7,Northern Territory,Q,Quarterly,2018-Q1,Mar-18,535
3,Persons,5,Western Australia,7,Northern Territory,Q,Quarterly,2018-Q2,Jun-18,585
2,Females,8,Australian Capital Territory,4,South Australia,Q,Quarterly,2017-Q3,Sep-17,90
2,Females,8,Australian Capital Territory,4,South Australia,Q,Quarterly,2017-Q4,Dec-17,171
2,Females,8,Australian Capital Territory,4,South Australia,Q,Quarterly,2018-Q1,Mar-18,122
2,Females,8,Australian Capital Territory,4,South Australia,Q,Quarterly,2018-Q2,Jun-18,119
1,Males,6,Tasmania,5,Western Australia,Q,Quarterly,2017-Q3,Sep-17,199
1,Males,6,Tasmania,5,Western Australia,Q,Quarterly,2017-Q4,Dec-17,198
1,Males,6,Tasmania,5,Western Australia,Q,Quarterly,2018-Q1,Mar-18,205
1,Males,6,Tasmania,5,Western Australia,Q,Quarterly,2018-Q2,Jun-18,219
1,Males,1,New South Wales,4,South Australia,Q,Quarterly,2017-Q3,Sep-17,758
1,Males,1,New South Wales,4,South Australia,Q,Quarterly,2017-Q4,Dec-17,902
1,Males,1,New South Wales,4,South Australia,Q,Quarterly,2018-Q1,Mar-18,810
1,Males,1,New South Wales,4,South Australia,Q,Quarterly,2018-Q2,Jun-18,823
2,Females,5,Western Australia,3,Queensland,Q,Quarterly,2017-Q3,Sep-17,699
2,Females,5,Western Australia,3,Queensland,Q,Quarterly,2017-Q4,Dec-17,921
2,Females,5,Western Australia,3,Queensland,Q,Quarterly,2018-Q1,Mar-18,793
2,Females,5,Western Australia,3,Queensland,Q,Quarterly,2018-Q2,Jun-18,760
3,Persons,5,Western Australia,5,Western Australia,Q,Quarterly,2017-Q3,Sep-17,0
3,Persons,5,Western Australia,5,Western Australia,Q,Quarterly,2017-Q4,Dec-17,0
3,Persons,5,Western Australia,5,Western Australia,Q,Quarterly,2018-Q1,Mar-18,0
3,Persons,5,Western Australia,5,Western Australia,Q,Quarterly,2018-Q2,Jun-18,0
1,Males,7,Northern Territory,6,Tasmania,Q,Quarterly,2017-Q3,Sep-17,35
1,Males,7,Northern Territory,6,Tasmania,Q,Quarterly,2017-Q4,Dec-17,24
1,Males,7,Northern Territory,6,Tasmania,Q,Quarterly,2018-Q1,Mar-18,33
1,Males,7,Northern Territory,6,Tasmania,Q,Quarterly,2018-Q2,Jun-18,36
3,Persons,3,Queensland,1,New South Wales,Q,Quarterly,2017-Q3,Sep-17,11484
3,Persons,3,Queensland,1,New South Wales,Q,Quarterly,2017-Q4,Dec-17,15322
3,Persons,3,Queensland,1,New South Wales,Q,Quarterly,2018-Q1,Mar-18,12794
3,Persons,3,Queensland,1,New South Wales,Q,Quarterly,2018-Q2,Jun-18,12803
3,Persons,4,South Australia,3,Queensland,Q,Quarterly,2017-Q3,Sep-17,974
3,Persons,4,South Australia,3,Queensland,Q,Quarterly,2017-Q4,Dec-17,1254
3,Persons,4,South Australia,3,Queensland,Q,Quarterly,2018-Q1,Mar-18,1334
3,Persons,4,South Australia,3,Queensland,Q,Quarterly,2018-Q2,Jun-18,1176
2,Females,2,Victoria,7,Northern Territory,Q,Quarterly,2017-Q3,Sep-17,301
2,Females,2,Victoria,7,Northern Territory,Q,Quarterly,2017-Q4,Dec-17,495
2,Females,2,Victoria,7,Northern Territory,Q,Quarterly,2018-Q1,Mar-18,366
2,Females,2,Victoria,7,Northern Territory,Q,Quarterly,2018-Q2,Jun-18,366
2,Females,3,Queensland,6,Tasmania,Q,Quarterly,2017-Q3,Sep-17,360
2,Females,3,Queensland,6,Tasmania,Q,Quarterly,2017-Q4,Dec-17,463
2,Females,3,Queensland,6,Tasmania,Q,Quarterly,2018-Q1,Mar-18,441
2,Females,3,Queensland,6,Tasmania,Q,Quarterly,2018-Q2,Jun-18,441
1,Males,8,Australian Capital Territory,2,Victoria,Q,Quarterly,2017-Q3,Sep-17,352
1,Males,8,Australian Capital Territory,2,Victoria,Q,Quarterly,2017-Q4,Dec-17,522
1,Males,8,Australian Capital Territory,2,Victoria,Q,Quarterly,2018-Q1,Mar-18,432
1,Males,8,Australian Capital Territory,2,Victoria,Q,Quarterly,2018-Q2,Jun-18,392
2,Females,5,Western Australia,1,New South Wales,Q,Quarterly,2017-Q3,Sep-17,811
2,Females,5,Western Australia,1,New South Wales,Q,Quarterly,2017-Q4,Dec-17,1083
2,Females,5,Western Australia,1,New South Wales,Q,Quarterly,2018-Q1,Mar-18,987
2,Females,5,Western Australia,1,New South Wales,Q,Quarterly,2018-Q2,Jun-18,1002
1,Males,4,South Australia,8,Australian Capital Territory,Q,Quarterly,2017-Q3,Sep-17,75
1,Males,4,South Australia,8,Australian Capital Territory,Q,Quarterly,2017-Q4,Dec-17,114
1,Males,4,South Australia,8,Australian Capital Territory,Q,Quarterly,2018-Q1,Mar-18,106
1,Males,4,South Australia,8,Australian Capital Territory,Q,Quarterly,2018-Q2,Jun-18,112
3,Persons,2,Victoria,6,Tasmania,Q,Quarterly,2017-Q3,Sep-17,896
3,Persons,2,Victoria,6,Tasmania,Q,Quarterly,2017-Q4,Dec-17,1218
3,Persons,2,Victoria,6,Tasmania,Q,Quarterly,2018-Q1,Mar-18,967
3,Persons,2,Victoria,6,Tasmania,Q,Quarterly,2018-Q2,Jun-18,1067
2,Females,3,Queensland,4,South Australia,Q,Quarterly,2017-Q3,Sep-17,768
2,Females,3,Queensland,4,South Australia,Q,Quarterly,2017-Q4,Dec-17,983
2,Females,3,Queensland,4,South Australia,Q,Quarterly,2018-Q1,Mar-18,836
2,Females,3,Queensland,4,South Australia,Q,Quarterly,2018-Q2,Jun-18,722
1,Males,5,Western Australia,3,Queensland,Q,Quarterly,2017-Q3,Sep-17,722
1,Males,5,Western Australia,3,Queensland,Q,Quarterly,2017-Q4,Dec-17,976
1,Males,5,Western Australia,3,Queensland,Q,Quarterly,2018-Q1,Mar-18,862
1,Males,5,Western Australia,3,Queensland,Q,Quarterly,2018-Q2,Jun-18,926
2,Females,5,Western Australia,5,Western Australia,Q,Quarterly,2017-Q3,Sep-17,0
2,Females,5,Western Australia,5,Western Australia,Q,Quarterly,2017-Q4,Dec-17,0
2,Females,5,Western Australia,5,Western Australia,Q,Quarterly,2018-Q1,Mar-18,0
2,Females,5,Western Australia,5,Western Australia,Q,Quarterly,2018-Q2,Jun-18,0
2,Females,5,Western Australia,8,Australian Capital Territory,Q,Quarterly,2017-Q3,Sep-17,98
2,Females,5,Western Australia,8,Australian Capital Territory,Q,Quarterly,2017-Q4,Dec-17,130
2,Females,5,Western Australia,8,Australian Capital Territory,Q,Quarterly,2018-Q1,Mar-18,108
2,Females,5,Western Australia,8,Australian Capital Territory,Q,Quarterly,2018-Q2,Jun-18,92
1,Males,1,New South Wales,1,New South Wales,Q,Quarterly,2017-Q3,Sep-17,0
1,Males,1,New South Wales,1,New South Wales,Q,Quarterly,2017-Q4,Dec-17,0
1,Males,1,New South Wales,1,New South Wales,Q,Quarterly,2018-Q1,Mar-18,0
1,Males,1,New South Wales,1,New South Wales,Q,Quarterly,2018-Q2,Jun-18,0
1,Males,1,New South Wales,5,Western Australia,Q,Quarterly,2017-Q3,Sep-17,1226
1,Males,1,New South Wales,5,Western Australia,Q,Quarterly,2017-Q4,Dec-17,1518
1,Males,1,New South Wales,5,Western Australia,Q,Quarterly,2018-Q1,Mar-18,1312
1,Males,1,New South Wales,5,Western Australia,Q,Quarterly,2018-Q2,Jun-18,1303
3,Persons,1,New South Wales,8,Australian Capital Territory,Q,Quarterly,2017-Q3,Sep-17,2538
3,Persons,1,New South Wales,8,Australian Capital Territory,Q,Quarterly,2017-Q4,Dec-17,3281
3,Persons,1,New South Wales,8,Australian Capital Territory,Q,Quarterly,2018-Q1,Mar-18,3011
3,Persons,1,New South Wales,8,Australian Capital Territory,Q,Quarterly,2018-Q2,Jun-18,2817
3,Persons,7,Northern Territory,4,South Australia,Q,Quarterly,2017-Q3,Sep-17,343
3,Persons,7,Northern Territory,4,South Australia,Q,Quarterly,2017-Q4,Dec-17,471
3,Persons,7,Northern Territory,4,South Australia,Q,Quarterly,2018-Q1,Mar-18,446
3,Persons,7,Northern Territory,4,South Australia,Q,Quarterly,2018-Q2,Jun-18,440
3,Persons,6,Tasmania,7,Northern Territory,Q,Quarterly,2017-Q3,Sep-17,89
3,Persons,6,Tasmania,7,Northern Territory,Q,Quarterly,2017-Q4,Dec-17,107
3,Persons,6,Tasmania,7,Northern Territory,Q,Quarterly,2018-Q1,Mar-18,65
3,Persons,6,Tasmania,7,Northern Territory,Q,Quarterly,2018-Q2,Jun-18,78
1,Males,2,Victoria,2,Victoria,Q,Quarterly,2017-Q3,Sep-17,0
1,Males,2,Victoria,2,Victoria,Q,Quarterly,2017-Q4,Dec-17,0
1,Males,2,Victoria,2,Victoria,Q,Quarterly,2018-Q1,Mar-18,0
1,Males,2,Victoria,2,Victoria,Q,Quarterly,2018-Q2,Jun-18,0
3,Persons,1,New South Wales,4,South Australia,Q,Quarterly,2017-Q3,Sep-17,1475
3,Persons,1,New South Wales,4,South Australia,Q,Quarterly,2017-Q4,Dec-17,1855
3,Persons,1,New South Wales,4,South Australia,Q,Quarterly,2018-Q1,Mar-18,1545
3,Persons,1,New South Wales,4,South Australia,Q,Quarterly,2018-Q2,Jun-18,1559
3,Persons,6,Tasmania,5,Western Australia,Q,Quarterly,2017-Q3,Sep-17,387
3,Persons,6,Tasmania,5,Western Australia,Q,Quarterly,2017-Q4,Dec-17,396
3,Persons,6,Tasmania,5,Western Australia,Q,Quarterly,2018-Q1,Mar-18,387
3,Persons,6,Tasmania,5,Western Australia,Q,Quarterly,2018-Q2,Jun-18,411
2,Females,6,Tasmania,3,Queensland,Q,Quarterly,2017-Q3,Sep-17,390
2,Females,6,Tasmania,3,Queensland,Q,Quarterly,2017-Q4,Dec-17,518
2,Females,6,Tasmania,3,Queensland,Q,Quarterly,2018-Q1,Mar-18,514
2,Females,6,Tasmania,3,Queensland,Q,Quarterly,2018-Q2,Jun-18,503
3,Persons,6,Tasmania,1,New South Wales,Q,Quarterly,2017-Q3,Sep-17,785
3,Persons,6,Tasmania,1,New South Wales,Q,Quarterly,2017-Q4,Dec-17,906
3,Persons,6,Tasmania,1,New South Wales,Q,Quarterly,2018-Q1,Mar-18,972
3,Persons,6,Tasmania,1,New South Wales,Q,Quarterly,2018-Q2,Jun-18,894
1,Males,2,Victoria,4,South Australia,Q,Quarterly,2017-Q3,Sep-17,1072
1,Males,2,Victoria,4,South Australia,Q,Quarterly,2017-Q4,Dec-17,1417
1,Males,2,Victoria,4,South Australia,Q,Quarterly,2018-Q1,Mar-18,1279
1,Males,2,Victoria,4,South Australia,Q,Quarterly,2018-Q2,Jun-18,1274
1,Males,2,Victoria,6,Tasmania,Q,Quarterly,2017-Q3,Sep-17,450
1,Males,2,Victoria,6,Tasmania,Q,Quarterly,2017-Q4,Dec-17,570
1,Males,2,Victoria,6,Tasmania,Q,Quarterly,2018-Q1,Mar-18,502
1,Males,2,Victoria,6,Tasmania,Q,Quarterly,2018-Q2,Jun-18,526
1,Males,8,Australian Capital Territory,6,Tasmania,Q,Quarterly,2017-Q3,Sep-17,30
1,Males,8,Australian Capital Territory,6,Tasmania,Q,Quarterly,2017-Q4,Dec-17,41
1,Males,8,Australian Capital Territory,6,Tasmania,Q,Quarterly,2018-Q1,Mar-18,39
1,Males,8,Australian Capital Territory,6,Tasmania,Q,Quarterly,2018-Q2,Jun-18,27
3,Persons,7,Northern Territory,3,Queensland,Q,Quarterly,2017-Q3,Sep-17,838
3,Persons,7,Northern Territory,3,Queensland,Q,Quarterly,2017-Q4,Dec-17,1102
3,Persons,7,Northern Territory,3,Queensland,Q,Quarterly,2018-Q1,Mar-18,1005
3,Persons,7,Northern Territory,3,Queensland,Q,Quarterly,2018-Q2,Jun-18,878
2,Females,5,Western Australia,7,Northern Territory,Q,Quarterly,2017-Q3,Sep-17,203
2,Females,5,Western Australia,7,Northern Territory,Q,Quarterly,2017-Q4,Dec-17,310
2,Females,5,Western Australia,7,Northern Territory,Q,Quarterly,2018-Q1,Mar-18,252
2,Females,5,Western Australia,7,Northern Territory,Q,Quarterly,2018-Q2,Jun-18,296
2,Females,2,Victoria,1,New South Wales,Q,Quarterly,2017-Q3,Sep-17,3617
2,Females,2,Victoria,1,New South Wales,Q,Quarterly,2017-Q4,Dec-17,4641
2,Females,2,Victoria,1,New South Wales,Q,Quarterly,2018-Q1,Mar-18,4146
2,Females,2,Victoria,1,New South Wales,Q,Quarterly,2018-Q2,Jun-18,4144
1,Males,5,Western Australia,2,Victoria,Q,Quarterly,2017-Q3,Sep-17,808
1,Males,5,Western Australia,2,Victoria,Q,Quarterly,2017-Q4,Dec-17,985
1,Males,5,Western Australia,2,Victoria,Q,Quarterly,2018-Q1,Mar-18,900
1,Males,5,Western Australia,2,Victoria,Q,Quarterly,2018-Q2,Jun-18,949
2,Females,6,Tasmania,6,Tasmania,Q,Quarterly,2017-Q3,Sep-17,0
2,Females,6,Tasmania,6,Tasmania,Q,Quarterly,2017-Q4,Dec-17,0
2,Females,6,Tasmania,6,Tasmania,Q,Quarterly,2018-Q1,Mar-18,0
2,Females,6,Tasmania,6,Tasmania,Q,Quarterly,2018-Q2,Jun-18,0
1,Males,1,New South Wales,8,Australian Capital Territory,Q,Quarterly,2017-Q3,Sep-17,1217
1,Males,1,New South Wales,8,Australian Capital Territory,Q,Quarterly,2017-Q4,Dec-17,1614
1,Males,1,New South Wales,8,Australian Capital Territory,Q,Quarterly,2018-Q1,Mar-18,1529
1,Males,1,New South Wales,8,Australian Capital Territory,Q,Quarterly,2018-Q2,Jun-18,1371
1,Males,7,Northern Territory,1,New South Wales,Q,Quarterly,2017-Q3,Sep-17,319
1,Males,7,Northern Territory,1,New South Wales,Q,Quarterly,2017-Q4,Dec-17,442
1,Males,7,Northern Territory,1,New South Wales,Q,Quarterly,2018-Q1,Mar-18,412
1,Males,7,Northern Territory,1,New South Wales,Q,Quarterly,2018-Q2,Jun-18,301
1,Males,2,Victoria,3,Queensland,Q,Quarterly,2017-Q3,Sep-17,2330
1,Males,2,Victoria,3,Queensland,Q,Quarterly,2017-Q4,Dec-17,3208
1,Males,2,Victoria,3,Queensland,Q,Quarterly,2018-Q1,Mar-18,2748
1,Males,2,Victoria,3,Queensland,Q,Quarterly,2018-Q2,Jun-18,2891
2,Females,6,Tasmania,4,South Australia,Q,Quarterly,2017-Q3,Sep-17,91
2,Females,6,Tasmania,4,South Australia,Q,Quarterly,2017-Q4,Dec-17,109
2,Females,6,Tasmania,4,South Australia,Q,Quarterly,2018-Q1,Mar-18,89
2,Females,6,Tasmania,4,South Australia,Q,Quarterly,2018-Q2,Jun-18,88
2,Females,2,Victoria,5,Western Australia,Q,Quarterly,2017-Q3,Sep-17,1221
2,Females,2,Victoria,5,Western Australia,Q,Quarterly,2017-Q4,Dec-17,1750
2,Females,2,Victoria,5,Western Australia,Q,Quarterly,2018-Q1,Mar-18,1531
2,Females,2,Victoria,5,Western Australia,Q,Quarterly,2018-Q2,Jun-18,1371
2,Females,8,Australian Capital Territory,1,New South Wales,Q,Quarterly,2017-Q3,Sep-17,1298
2,Females,8,Australian Capital Territory,1,New South Wales,Q,Quarterly,2017-Q4,Dec-17,1940
2,Females,8,Australian Capital Territory,1,New South Wales,Q,Quarterly,2018-Q1,Mar-18,1622
2,Females,8,Australian Capital Territory,1,New South Wales,Q,Quarterly,2018-Q2,Jun-18,1531
2,Females,2,Victoria,8,Australian Capital Territory,Q,Quarterly,2017-Q3,Sep-17,437
2,Females,2,Victoria,8,Australian Capital Territory,Q,Quarterly,2017-Q4,Dec-17,596
2,Females,2,Victoria,8,Australian Capital Territory,Q,Quarterly,2018-Q1,Mar-18,526
2,Females,2,Victoria,8,Australian Capital Territory,Q,Quarterly,2018-Q2,Jun-18,444
1,Males,6,Tasmania,7,Northern Territory,Q,Quarterly,2017-Q3,Sep-17,42
1,Males,6,Tasmania,7,Northern Territory,Q,Quarterly,2017-Q4,Dec-17,53
1,Males,6,Tasmania,7,Northern Territory,Q,Quarterly,2018-Q1,Mar-18,32
1,Males,6,Tasmania,7,Northern Territory,Q,Quarterly,2018-Q2,Jun-18,39
2,Females,6,Tasmania,2,Victoria,Q,Quarterly,2017-Q3,Sep-17,411
2,Females,6,Tasmania,2,Victoria,Q,Quarterly,2017-Q4,Dec-17,537
2,Females,6,Tasmania,2,Victoria,Q,Quarterly,2018-Q1,Mar-18,497
2,Females,6,Tasmania,2,Victoria,Q,Quarterly,2018-Q2,Jun-18,550
2,Females,8,Australian Capital Territory,5,Western Australia,Q,Quarterly,2017-Q3,Sep-17,103
2,Females,8,Australian Capital Territory,5,Western Australia,Q,Quarterly,2017-Q4,Dec-17,180
2,Females,8,Australian Capital Territory,5,Western Australia,Q,Quarterly,2018-Q1,Mar-18,142
2,Females,8,Australian Capital Territory,5,Western Australia,Q,Quarterly,2018-Q2,Jun-18,125
3,Persons,4,South Australia,4,South Australia,Q,Quarterly,2017-Q3,Sep-17,0
3,Persons,4,South Australia,4,South Australia,Q,Quarterly,2017-Q4,Dec-17,0
3,Persons,4,South Australia,4,South Australia,Q,Quarterly,2018-Q1,Mar-18,0
3,Persons,4,South Australia,4,South Australia,Q,Quarterly,2018-Q2,Jun-18,0
2,Females,8,Australian Capital Territory,8,Australian Capital Territory,Q,Quarterly,2017-Q3,Sep-17,0
2,Females,8,Australian Capital Territory,8,Australian Capital Territory,Q,Quarterly,2017-Q4,Dec-17,0
2,Females,8,Australian Capital Territory,8,Australian Capital Territory,Q,Quarterly,2018-Q1,Mar-18,0
2,Females,8,Australian Capital Territory,8,Australian Capital Territory,Q,Quarterly,2018-Q2,Jun-18,0
2,Females,3,Queensland,3,Queensland,Q,Quarterly,2017-Q3,Sep-17,0
2,Females,3,Queensland,3,Queensland,Q,Quarterly,2017-Q4,Dec-17,0
2,Females,3,Queensland,3,Queensland,Q,Quarterly,2018-Q1,Mar-18,0
2,Females,3,Queensland,3,Queensland,Q,Quarterly,2018-Q2,Jun-18,0
1,Males,4,South Australia,1,New South Wales,Q,Quarterly,2017-Q3,Sep-17,635
1,Males,4,South Australia,1,New South Wales,Q,Quarterly,2017-Q4,Dec-17,820
1,Males,4,South Australia,1,New South Wales,Q,Quarterly,2018-Q1,Mar-18,781
1,Males,4,South Australia,1,New South Wales,Q,Quarterly,2018-Q2,Jun-18,773
3,Persons,3,Queensland,7,Northern Territory,Q,Quarterly,2017-Q3,Sep-17,1216
3,Persons,3,Queensland,7,Northern Territory,Q,Quarterly,2017-Q4,Dec-17,1649
3,Persons,3,Queensland,7,Northern Territory,Q,Quarterly,2018-Q1,Mar-18,1610
3,Persons,3,Queensland,7,Northern Territory,Q,Quarterly,2018-Q2,Jun-18,1376
1,Males,7,Northern Territory,8,Australian Capital Territory,Q,Quarterly,2017-Q3,Sep-17,32
1,Males,7,Northern Territory,8,Australian Capital Territory,Q,Quarterly,2017-Q4,Dec-17,56
1,Males,7,Northern Territory,8,Australian Capital Territory,Q,Quarterly,2018-Q1,Mar-18,52
1,Males,7,Northern Territory,8,Australian Capital Territory,Q,Quarterly,2018-Q2,Jun-18,40
3,Persons,2,Victoria,2,Victoria,Q,Quarterly,2017-Q3,Sep-17,0
3,Persons,2,Victoria,2,Victoria,Q,Quarterly,2017-Q4,Dec-17,0
3,Persons,2,Victoria,2,Victoria,Q,Quarterly,2018-Q1,Mar-18,0
3,Persons,2,Victoria,2,Victoria,Q,Quarterly,2018-Q2,Jun-18,0
3,Persons,3,Queensland,5,Western Australia,Q,Quarterly,2017-Q3,Sep-17,2092
3,Persons,3,Queensland,5,Western Australia,Q,Quarterly,2017-Q4,Dec-17,2654
3,Persons,3,Queensland,5,Western Australia,Q,Quarterly,2018-Q1,Mar-18,2298
3,Persons,3,Queensland,5,Western Australia,Q,Quarterly,2018-Q2,Jun-18,2466
1,Males,5,Western Australia,4,South Australia,Q,Quarterly,2017-Q3,Sep-17,310
1,Males,5,Western Australia,4,South Australia,Q,Quarterly,2017-Q4,Dec-17,352
1,Males,5,Western Australia,4,South Australia,Q,Quarterly,2018-Q1,Mar-18,295
1,Males,5,Western Australia,4,South Australia,Q,Quarterly,2018-Q2,Jun-18,291
1,Males,5,Western Australia,6,Tasmania,Q,Quarterly,2017-Q3,Sep-17,113
1,Males,5,Western Australia,6,Tasmania,Q,Quarterly,2017-Q4,Dec-17,159
1,Males,5,Western Australia,6,Tasmania,Q,Quarterly,2018-Q1,Mar-18,141
1,Males,5,Western Australia,6,Tasmania,Q,Quarterly,2018-Q2,Jun-18,123
1,Males,2,Victoria,8,Australian Capital Territory,Q,Quarterly,2017-Q3,Sep-17,439
1,Males,2,Victoria,8,Australian Capital Territory,Q,Quarterly,2017-Q4,Dec-17,544
1,Males,2,Victoria,8,Australian Capital Territory,Q,Quarterly,2018-Q1,Mar-18,524
1,Males,2,Victoria,8,Australian Capital Territory,Q,Quarterly,2018-Q2,Jun-18,495
2,Females,1,New South Wales,4,South Australia,Q,Quarterly,2017-Q3,Sep-17,717
2,Females,1,New South Wales,4,South Australia,Q,Quarterly,2017-Q4,Dec-17,953
2,Females,1,New South Wales,4,South Australia,Q,Quarterly,2018-Q1,Mar-18,735
2,Females,1,New South Wales,4,South Australia,Q,Quarterly,2018-Q2,Jun-18,736
2,Females,1,New South Wales,2,Victoria,Q,Quarterly,2017-Q3,Sep-17,2883
2,Females,1,New South Wales,2,Victoria,Q,Quarterly,2017-Q4,Dec-17,3523
2,Females,1,New South Wales,2,Victoria,Q,Quarterly,2018-Q1,Mar-18,3113
2,Females,1,New South Wales,2,Victoria,Q,Quarterly,2018-Q2,Jun-18,3227
2,Females,3,Queensland,1,New South Wales,Q,Quarterly,2017-Q3,Sep-17,5805
2,Females,3,Queensland,1,New South Wales,Q,Quarterly,2017-Q4,Dec-17,7943
2,Females,3,Queensland,1,New South Wales,Q,Quarterly,2018-Q1,Mar-18,6537
2,Females,3,Queensland,1,New South Wales,Q,Quarterly,2018-Q2,Jun-18,6602
1,Males,6,Tasmania,2,Victoria,Q,Quarterly,2017-Q3,Sep-17,373
1,Males,6,Tasmania,2,Victoria,Q,Quarterly,2017-Q4,Dec-17,535
1,Males,6,Tasmania,2,Victoria,Q,Quarterly,2018-Q1,Mar-18,521
1,Males,6,Tasmania,2,Victoria,Q,Quarterly,2018-Q2,Jun-18,502
3,Persons,2,Victoria,3,Queensland,Q,Quarterly,2017-Q3,Sep-17,4691
3,Persons,2,Victoria,3,Queensland,Q,Quarterly,2017-Q4,Dec-17,6402
3,Persons,2,Victoria,3,Queensland,Q,Quarterly,2018-Q1,Mar-18,5413
3,Persons,2,Victoria,3,Queensland,Q,Quarterly,2018-Q2,Jun-18,5731
2,Females,8,Australian Capital Territory,7,Northern Territory,Q,Quarterly,2017-Q3,Sep-17,49
2,Females,8,Australian Capital Territory,7,Northern Territory,Q,Quarterly,2017-Q4,Dec-17,91
2,Females,8,Australian Capital Territory,7,Northern Territory,Q,Quarterly,2018-Q1,Mar-18,49
2,Females,8,Australian Capital Territory,7,Northern Territory,Q,Quarterly,2018-Q2,Jun-18,61
3,Persons,7,Northern Territory,8,Australian Capital Territory,Q,Quarterly,2017-Q3,Sep-17,63
3,Persons,7,Northern Territory,8,Australian Capital Territory,Q,Quarterly,2017-Q4,Dec-17,102
3,Persons,7,Northern Territory,8,Australian Capital Territory,Q,Quarterly,2018-Q1,Mar-18,91
3,Persons,7,Northern Territory,8,Australian Capital Territory,Q,Quarterly,2018-Q2,Jun-18,90
3,Persons,1,New South Wales,7,Northern Territory,Q,Quarterly,2017-Q3,Sep-17,719
3,Persons,1,New South Wales,7,Northern Territory,Q,Quarterly,2017-Q4,Dec-17,841
3,Persons,1,New South Wales,7,Northern Territory,Q,Quarterly,2018-Q1,Mar-18,858
3,Persons,1,New South Wales,7,Northern Territory,Q,Quarterly,2018-Q2,Jun-18,749
2,Females,7,Northern Territory,6,Tasmania,Q,Quarterly,2017-Q3,Sep-17,34
2,Females,7,Northern Territory,6,Tasmania,Q,Quarterly,2017-Q4,Dec-17,29
2,Females,7,Northern Territory,6,Tasmania,Q,Quarterly,2018-Q1,Mar-18,32
2,Females,7,Northern Territory,6,Tasmania,Q,Quarterly,2018-Q2,Jun-18,32
2,Females,3,Queensland,5,Western Australia,Q,Quarterly,2017-Q3,Sep-17,1001
2,Females,3,Queensland,5,Western Australia,Q,Quarterly,2017-Q4,Dec-17,1300
2,Females,3,Queensland,5,Western Australia,Q,Quarterly,2018-Q1,Mar-18,1106
2,Females,3,Queensland,5,Western Australia,Q,Quarterly,2018-Q2,Jun-18,1154
2,Females,1,New South Wales,6,Tasmania,Q,Quarterly,2017-Q3,Sep-17,221
2,Females,1,New South Wales,6,Tasmania,Q,Quarterly,2017-Q4,Dec-17,315
2,Females,1,New South Wales,6,Tasmania,Q,Quarterly,2018-Q1,Mar-18,248
2,Females,1,New South Wales,6,Tasmania,Q,Quarterly,2018-Q2,Jun-18,255
2,Females,7,Northern Territory,2,Victoria,Q,Quarterly,2017-Q3,Sep-17,272
2,Females,7,Northern Territory,2,Victoria,Q,Quarterly,2017-Q4,Dec-17,383
2,Females,7,Northern Territory,2,Victoria,Q,Quarterly,2018-Q1,Mar-18,290
2,Females,7,Northern Territory,2,Victoria,Q,Quarterly,2018-Q2,Jun-18,303
3,Persons,8,Australian Capital Territory,6,Tasmania,Q,Quarterly,2017-Q3,Sep-17,60
3,Persons,8,Australian Capital Territory,6,Tasmania,Q,Quarterly,2017-Q4,Dec-17,84
3,Persons,8,Australian Capital Territory,6,Tasmania,Q,Quarterly,2018-Q1,Mar-18,88
3,Persons,8,Australian Capital Territory,6,Tasmania,Q,Quarterly,2018-Q2,Jun-18,77
1,Males,7,Northern Territory,7,Northern Territory,Q,Quarterly,2017-Q3,Sep-17,0
1,Males,7,Northern Territory,7,Northern Territory,Q,Quarterly,2017-Q4,Dec-17,0
1,Males,7,Northern Territory,7,Northern Territory,Q,Quarterly,2018-Q1,Mar-18,0
1,Males,7,Northern Territory,7,Northern Territory,Q,Quarterly,2018-Q2,Jun-18,0
2,Females,3,Queensland,8,Australian Capital Territory,Q,Quarterly,2017-Q3,Sep-17,405
2,Females,3,Queensland,8,Australian Capital Territory,Q,Quarterly,2017-Q4,Dec-17,549
2,Females,3,Queensland,8,Australian Capital Territory,Q,Quarterly,2018-Q1,Mar-18,442
2,Females,3,Queensland,8,Australian Capital Territory,Q,Quarterly,2018-Q2,Jun-18,446
1,Males,8,Australian Capital Territory,3,Queensland,Q,Quarterly,2017-Q3,Sep-17,316
1,Males,8,Australian Capital Territory,3,Queensland,Q,Quarterly,2017-Q4,Dec-17,502
1,Males,8,Australian Capital Territory,3,Queensland,Q,Quarterly,2018-Q1,Mar-18,463
1,Males,8,Australian Capital Territory,3,Queensland,Q,Quarterly,2018-Q2,Jun-18,390
3,Persons,5,Western Australia,4,South Australia,Q,Quarterly,2017-Q3,Sep-17,605
3,Persons,5,Western Australia,4,South Australia,Q,Quarterly,2017-Q4,Dec-17,667
3,Persons,5,Western Australia,4,South Australia,Q,Quarterly,2018-Q1,Mar-18,555
3,Persons,5,Western Australia,4,South Australia,Q,Quarterly,2018-Q2,Jun-18,568
2,Females,4,South Australia,3,Queensland,Q,Quarterly,2017-Q3,Sep-17,490
2,Females,4,South Australia,3,Queensland,Q,Quarterly,2017-Q4,Dec-17,616
2,Females,4,South Australia,3,Queensland,Q,Quarterly,2018-Q1,Mar-18,675
2,Females,4,South Australia,3,Queensland,Q,Quarterly,2018-Q2,Jun-18,602
3,Persons,5,Western Australia,2,Victoria,Q,Quarterly,2017-Q3,Sep-17,1588
3,Persons,5,Western Australia,2,Victoria,Q,Quarterly,2017-Q4,Dec-17,1971
3,Persons,5,Western Australia,2,Victoria,Q,Quarterly,2018-Q1,Mar-18,1790
3,Persons,5,Western Australia,2,Victoria,Q,Quarterly,2018-Q2,Jun-18,1887
1,Males,7,Northern Territory,5,Western Australia,Q,Quarterly,2017-Q3,Sep-17,341
1,Males,7,Northern Territory,5,Western Australia,Q,Quarterly,2017-Q4,Dec-17,330
1,Males,7,Northern Territory,5,Western Australia,Q,Quarterly,2018-Q1,Mar-18,277
1,Males,7,Northern Territory,5,Western Australia,Q,Quarterly,2018-Q2,Jun-18,326
1,Males,6,Tasmania,6,Tasmania,Q,Quarterly,2017-Q3,Sep-17,0
1,Males,6,Tasmania,6,Tasmania,Q,Quarterly,2017-Q4,Dec-17,0
1,Males,6,Tasmania,6,Tasmania,Q,Quarterly,2018-Q1,Mar-18,0
1,Males,6,Tasmania,6,Tasmania,Q,Quarterly,2018-Q2,Jun-18,0
3,Persons,4,South Australia,1,New South Wales,Q,Quarterly,2017-Q3,Sep-17,1290
3,Persons,4,South Australia,1,New South Wales,Q,Quarterly,2017-Q4,Dec-17,1650
3,Persons,4,South Australia,1,New South Wales,Q,Quarterly,2018-Q1,Mar-18,1581
3,Persons,4,South Australia,1,New South Wales,Q,Quarterly,2018-Q2,Jun-18,1538
3,Persons,4,South Australia,7,Northern Territory,Q,Quarterly,2017-Q3,Sep-17,537
3,Persons,4,South Australia,7,Northern Territory,Q,Quarterly,2017-Q4,Dec-17,678
3,Persons,4,South Australia,7,Northern Territory,Q,Quarterly,2018-Q1,Mar-18,637
3,Persons,4,South Australia,7,Northern Territory,Q,Quarterly,2018-Q2,Jun-18,478
3,Persons,4,South Australia,5,Western Australia,Q,Quarterly,2017-Q3,Sep-17,580
3,Persons,4,South Australia,5,Western Australia,Q,Quarterly,2017-Q4,Dec-17,728
3,Persons,4,South Australia,5,Western Australia,Q,Quarterly,2018-Q1,Mar-18,618
3,Persons,4,South Australia,5,Western Australia,Q,Quarterly,2018-Q2,Jun-18,568
1,Males,8,Australian Capital Territory,4,South Australia,Q,Quarterly,2017-Q3,Sep-17,82
1,Males,8,Australian Capital Territory,4,South Australia,Q,Quarterly,2017-Q4,Dec-17,157
1,Males,8,Australian Capital Territory,4,South Australia,Q,Quarterly,2018-Q1,Mar-18,128
1,Males,8,Australian Capital Territory,4,South Australia,Q,Quarterly,2018-Q2,Jun-18,139
2,Females,6,Tasmania,1,New South Wales,Q,Quarterly,2017-Q3,Sep-17,403
2,Females,6,Tasmania,1,New South Wales,Q,Quarterly,2017-Q4,Dec-17,455
2,Females,6,Tasmania,1,New South Wales,Q,Quarterly,2018-Q1,Mar-18,517
2,Females,6,Tasmania,1,New South Wales,Q,Quarterly,2018-Q2,Jun-18,458
3,Persons,1,New South Wales,5,Western Australia,Q,Quarterly,2017-Q3,Sep-17,2387
3,Persons,1,New South Wales,5,Western Australia,Q,Quarterly,2017-Q4,Dec-17,2966
3,Persons,1,New South Wales,5,Western Australia,Q,Quarterly,2018-Q1,Mar-18,2449
3,Persons,1,New South Wales,5,Western Australia,Q,Quarterly,2018-Q2,Jun-18,2472
2,Females,4,South Australia,6,Tasmania,Q,Quarterly,2017-Q3,Sep-17,75
2,Females,4,South Australia,6,Tasmania,Q,Quarterly,2017-Q4,Dec-17,92
2,Females,4,South Australia,6,Tasmania,Q,Quarterly,2018-Q1,Mar-18,77
2,Females,4,South Australia,6,Tasmania,Q,Quarterly,2018-Q2,Jun-18,103
3,Persons,5,Western Australia,3,Queensland,Q,Quarterly,2017-Q3,Sep-17,1421
3,Persons,5,Western Australia,3,Queensland,Q,Quarterly,2017-Q4,Dec-17,1897
3,Persons,5,Western Australia,3,Queensland,Q,Quarterly,2018-Q1,Mar-18,1655
3,Persons,5,Western Australia,3,Queensland,Q,Quarterly,2018-Q2,Jun-18,1686
1,Males,5,Western Australia,8,Australian Capital Territory,Q,Quarterly,2017-Q3,Sep-17,101
1,Males,5,Western Australia,8,Australian Capital Territory,Q,Quarterly,2017-Q4,Dec-17,112
1,Males,5,Western Australia,8,Australian Capital Territory,Q,Quarterly,2018-Q1,Mar-18,131
1,Males,5,Western Australia,8,Australian Capital Territory,Q,Quarterly,2018-Q2,Jun-18,89
1,Males,4,South Australia,7,Northern Territory,Q,Quarterly,2017-Q3,Sep-17,279
1,Males,4,South Australia,7,Northern Territory,Q,Quarterly,2017-Q4,Dec-17,326
1,Males,4,South Australia,7,Northern Territory,Q,Quarterly,2018-Q1,Mar-18,341
1,Males,4,South Australia,7,Northern Territory,Q,Quarterly,2018-Q2,Jun-18,243
3,Persons,5,Western Australia,6,Tasmania,Q,Quarterly,2017-Q3,Sep-17,240
3,Persons,5,Western Australia,6,Tasmania,Q,Quarterly,2017-Q4,Dec-17,339
3,Persons,5,Western Australia,6,Tasmania,Q,Quarterly,2018-Q1,Mar-18,271
3,Persons,5,Western Australia,6,Tasmania,Q,Quarterly,2018-Q2,Jun-18,254
2,Females,4,South Australia,4,South Australia,Q,Quarterly,2017-Q3,Sep-17,0
2,Females,4,South Australia,4,South Australia,Q,Quarterly,2017-Q4,Dec-17,0
2,Females,4,South Australia,4,South Australia,Q,Quarterly,2018-Q1,Mar-18,0
2,Females,4,South Australia,4,South Australia,Q,Quarterly,2018-Q2,Jun-18,0
3,Persons,8,Australian Capital Territory,4,South Australia,Q,Quarterly,2017-Q3,Sep-17,172
3,Persons,8,Australian Capital Territory,4,South Australia,Q,Quarterly,2017-Q4,Dec-17,328
3,Persons,8,Australian Capital Territory,4,South Australia,Q,Quarterly,2018-Q1,Mar-18,250
3,Persons,8,Australian Capital Territory,4,South Australia,Q,Quarterly,2018-Q2,Jun-18,258
2,Females,4,South Australia,2,Victoria,Q,Quarterly,2017-Q3,Sep-17,689
2,Females,4,South Australia,2,Victoria,Q,Quarterly,2017-Q4,Dec-17,946
2,Females,4,South Australia,2,Victoria,Q,Quarterly,2018-Q1,Mar-18,805
2,Females,4,South Australia,2,Victoria,Q,Quarterly,2018-Q2,Jun-18,965
2,Females,1,New South Wales,3,Queensland,Q,Quarterly,2017-Q3,Sep-17,4129
2,Females,1,New South Wales,3,Queensland,Q,Quarterly,2017-Q4,Dec-17,5138
2,Females,1,New South Wales,3,Queensland,Q,Quarterly,2018-Q1,Mar-18,4468
2,Females,1,New South Wales,3,Queensland,Q,Quarterly,2018-Q2,Jun-18,4518
2,Females,6,Tasmania,8,Australian Capital Territory,Q,Quarterly,2017-Q3,Sep-17,30
2,Females,6,Tasmania,8,Australian Capital Territory,Q,Quarterly,2017-Q4,Dec-17,44
2,Females,6,Tasmania,8,Australian Capital Territory,Q,Quarterly,2018-Q1,Mar-18,29
2,Females,6,Tasmania,8,Australian Capital Territory,Q,Quarterly,2018-Q2,Jun-18,31
1,Males,2,Victoria,1,New South Wales,Q,Quarterly,2017-Q3,Sep-17,3655
1,Males,2,Victoria,1,New South Wales,Q,Quarterly,2017-Q4,Dec-17,4462
1,Males,2,Victoria,1,New South Wales,Q,Quarterly,2018-Q1,Mar-18,4072
1,Males,2,Victoria,1,New South Wales,Q,Quarterly,2018-Q2,Jun-18,3982
1,Males,1,New South Wales,7,Northern Territory,Q,Quarterly,2017-Q3,Sep-17,372
1,Males,1,New South Wales,7,Northern Territory,Q,Quarterly,2017-Q4,Dec-17,437
1,Males,1,New South Wales,7,Northern Territory,Q,Quarterly,2018-Q1,Mar-18,475
1,Males,1,New South Wales,7,Northern Territory,Q,Quarterly,2018-Q2,Jun-18,395
3,Persons,2,Victoria,4,South Australia,Q,Quarterly,2017-Q3,Sep-17,2114
3,Persons,2,Victoria,4,South Australia,Q,Quarterly,2017-Q4,Dec-17,2769
3,Persons,2,Victoria,4,South Australia,Q,Quarterly,2018-Q1,Mar-18,2570
3,Persons,2,Victoria,4,South Australia,Q,Quarterly,2018-Q2,Jun-18,2512
3,Persons,4,South Australia,8,Australian Capital Territory,Q,Quarterly,2017-Q3,Sep-17,162
3,Persons,4,South Australia,8,Australian Capital Territory,Q,Quarterly,2017-Q4,Dec-17,228
3,Persons,4,South Australia,8,Australian Capital Territory,Q,Quarterly,2018-Q1,Mar-18,208
3,Persons,4,South Australia,8,Australian Capital Territory,Q,Quarterly,2018-Q2,Jun-18,204
1,Males,4,South Australia,5,Western Australia,Q,Quarterly,2017-Q3,Sep-17,312
1,Males,4,South Australia,5,Western Australia,Q,Quarterly,2017-Q4,Dec-17,372
1,Males,4,South Australia,5,Western Australia,Q,Quarterly,2018-Q1,Mar-18,341
1,Males,4,South Australia,5,Western Australia,Q,Quarterly,2018-Q2,Jun-18,306
3,Persons,8,Australian Capital Territory,2,Victoria,Q,Quarterly,2017-Q3,Sep-17,681
3,Persons,8,Australian Capital Territory,2,Victoria,Q,Quarterly,2017-Q4,Dec-17,1015
3,Persons,8,Australian Capital Territory,2,Victoria,Q,Quarterly,2018-Q1,Mar-18,864
3,Persons,8,Australian Capital Territory,2,Victoria,Q,Quarterly,2018-Q2,Jun-18,818
1,Males,3,Queensland,2,Victoria,Q,Quarterly,2017-Q3,Sep-17,2663
1,Males,3,Queensland,2,Victoria,Q,Quarterly,2017-Q4,Dec-17,3506
1,Males,3,Queensland,2,Victoria,Q,Quarterly,2018-Q1,Mar-18,3096
1,Males,3,Queensland,2,Victoria,Q,Quarterly,2018-Q2,Jun-18,3117
2,Females,7,Northern Territory,3,Queensland,Q,Quarterly,2017-Q3,Sep-17,401
2,Females,7,Northern Territory,3,Queensland,Q,Quarterly,2017-Q4,Dec-17,568
2,Females,7,Northern Territory,3,Queensland,Q,Quarterly,2018-Q1,Mar-18,443
2,Females,7,Northern Territory,3,Queensland,Q,Quarterly,2018-Q2,Jun-18,427
3,Persons,7,Northern Territory,5,Western Australia,Q,Quarterly,2017-Q3,Sep-17,581
3,Persons,7,Northern Territory,5,Western Australia,Q,Quarterly,2017-Q4,Dec-17,596
3,Persons,7,Northern Territory,5,Western Australia,Q,Quarterly,2018-Q1,Mar-18,515
3,Persons,7,Northern Territory,5,Western Australia,Q,Quarterly,2018-Q2,Jun-18,582
3,Persons,7,Northern Territory,1,New South Wales,Q,Quarterly,2017-Q3,Sep-17,609
3,Persons,7,Northern Territory,1,New South Wales,Q,Quarterly,2017-Q4,Dec-17,836
3,Persons,7,Northern Territory,1,New South Wales,Q,Quarterly,2018-Q1,Mar-18,717
3,Persons,7,Northern Territory,1,New South Wales,Q,Quarterly,2018-Q2,Jun-18,574
1,Males,3,Queensland,6,Tasmania,Q,Quarterly,2017-Q3,Sep-17,328
1,Males,3,Queensland,6,Tasmania,Q,Quarterly,2017-Q4,Dec-17,421
1,Males,3,Queensland,6,Tasmania,Q,Quarterly,2018-Q1,Mar-18,433
1,Males,3,Queensland,6,Tasmania,Q,Quarterly,2018-Q2,Jun-18,377
3,Persons,8,Australian Capital Territory,3,Queensland,Q,Quarterly,2017-Q3,Sep-17,652
3,Persons,8,Australian Capital Territory,3,Queensland,Q,Quarterly,2017-Q4,Dec-17,1021
3,Persons,8,Australian Capital Territory,3,Queensland,Q,Quarterly,2018-Q1,Mar-18,853
3,Persons,8,Australian Capital Territory,3,Queensland,Q,Quarterly,2018-Q2,Jun-18,773
3,Persons,1,New South Wales,1,New South Wales,Q,Quarterly,2017-Q3,Sep-17,0
3,Persons,1,New South Wales,1,New South Wales,Q,Quarterly,2017-Q4,Dec-17,0
3,Persons,1,New South Wales,1,New South Wales,Q,Quarterly,2018-Q1,Mar-18,0
3,Persons,1,New South Wales,1,New South Wales,Q,Quarterly,2018-Q2,Jun-18,0
2,Females,5,Western Australia,6,Tasmania,Q,Quarterly,2017-Q3,Sep-17,127
2,Females,5,Western Australia,6,Tasmania,Q,Quarterly,2017-Q4,Dec-17,180
2,Females,5,Western Australia,6,Tasmania,Q,Quarterly,2018-Q1,Mar-18,130
2,Females,5,Western Australia,6,Tasmania,Q,Quarterly,2018-Q2,Jun-18,131
3,Persons,6,Tasmania,3,Queensland,Q,Quarterly,2017-Q3,Sep-17,798
3,Persons,6,Tasmania,3,Queensland,Q,Quarterly,2017-Q4,Dec-17,997
3,Persons,6,Tasmania,3,Queensland,Q,Quarterly,2018-Q1,Mar-18,1034
3,Persons,6,Tasmania,3,Queensland,Q,Quarterly,2018-Q2,Jun-18,968
3,Persons,2,Victoria,5,Western Australia,Q,Quarterly,2017-Q3,Sep-17,2597
3,Persons,2,Victoria,5,Western Australia,Q,Quarterly,2017-Q4,Dec-17,3537
3,Persons,2,Victoria,5,Western Australia,Q,Quarterly,2018-Q1,Mar-18,3110
3,Persons,2,Victoria,5,Western Australia,Q,Quarterly,2018-Q2,Jun-18,2959
2,Females,6,Tasmania,7,Northern Territory,Q,Quarterly,2017-Q3,Sep-17,47
2,Females,6,Tasmania,7,Northern Territory,Q,Quarterly,2017-Q4,Dec-17,54
2,Females,6,Tasmania,7,Northern Territory,Q,Quarterly,2018-Q1,Mar-18,33
2,Females,6,Tasmania,7,Northern Territory,Q,Quarterly,2018-Q2,Jun-18,39
1,Males,8,Australian Capital Territory,1,New South Wales,Q,Quarterly,2017-Q3,Sep-17,1282
1,Males,8,Australian Capital Territory,1,New South Wales,Q,Quarterly,2017-Q4,Dec-17,1711
1,Males,8,Australian Capital Territory,1,New South Wales,Q,Quarterly,2018-Q1,Mar-18,1588
1,Males,8,Australian Capital Territory,1,New South Wales,Q,Quarterly,2018-Q2,Jun-18,1528
2,Females,1,New South Wales,8,Australian Capital Territory,Q,Quarterly,2017-Q3,Sep-17,1321
2,Females,1,New South Wales,8,Australian Capital Territory,Q,Quarterly,2017-Q4,Dec-17,1667
2,Females,1,New South Wales,8,Australian Capital Territory,Q,Quarterly,2018-Q1,Mar-18,1482
2,Females,1,New South Wales,8,Australian Capital Territory,Q,Quarterly,2018-Q2,Jun-18,1446
1,Males,5,Western Australia,7,Northern Territory,Q,Quarterly,2017-Q3,Sep-17,227
1,Males,5,Western Australia,7,Northern Territory,Q,Quarterly,2017-Q4,Dec-17,342
1,Males,5,Western Australia,7,Northern Territory,Q,Quarterly,2018-Q1,Mar-18,283
1,Males,5,Western Australia,7,Northern Territory,Q,Quarterly,2018-Q2,Jun-18,289
2,Females,1,New South Wales,1,New South Wales,Q,Quarterly,2017-Q3,Sep-17,0
2,Females,1,New South Wales,1,New South Wales,Q,Quarterly,2017-Q4,Dec-17,0
2,Females,1,New South Wales,1,New South Wales,Q,Quarterly,2018-Q1,Mar-18,0
2,Females,1,New South Wales,1,New South Wales,Q,Quarterly,2018-Q2,Jun-18,0
2,Females,7,Northern Territory,4,South Australia,Q,Quarterly,2017-Q3,Sep-17,177
2,Females,7,Northern Territory,4,South Australia,Q,Quarterly,2017-Q4,Dec-17,228
2,Females,7,Northern Territory,4,South Australia,Q,Quarterly,2018-Q1,Mar-18,215
2,Females,7,Northern Territory,4,South Australia,Q,Quarterly,2018-Q2,Jun-18,216
1,Males,3,Queensland,3,Queensland,Q,Quarterly,2017-Q3,Sep-17,0
1,Males,3,Queensland,3,Queensland,Q,Quarterly,2017-Q4,Dec-17,0
1,Males,3,Queensland,3,Queensland,Q,Quarterly,2018-Q1,Mar-18,0
1,Males,3,Queensland,3,Queensland,Q,Quarterly,2018-Q2,Jun-18,0
3,Persons,6,Tasmania,6,Tasmania,Q,Quarterly,2017-Q3,Sep-17,0
3,Persons,6,Tasmania,6,Tasmania,Q,Quarterly,2017-Q4,Dec-17,0
3,Persons,6,Tasmania,6,Tasmania,Q,Quarterly,2018-Q1,Mar-18,0
3,Persons,6,Tasmania,6,Tasmania,Q,Quarterly,2018-Q2,Jun-18,0
2,Females,5,Western Australia,2,Victoria,Q,Quarterly,2017-Q3,Sep-17,780
2,Females,5,Western Australia,2,Victoria,Q,Quarterly,2017-Q4,Dec-17,986
2,Females,5,Western Australia,2,Victoria,Q,Quarterly,2018-Q1,Mar-18,890
2,Females,5,Western Australia,2,Victoria,Q,Quarterly,2018-Q2,Jun-18,938
2,Females,2,Victoria,3,Queensland,Q,Quarterly,2017-Q3,Sep-17,2361
2,Females,2,Victoria,3,Queensland,Q,Quarterly,2017-Q4,Dec-17,3194
2,Females,2,Victoria,3,Queensland,Q,Quarterly,2018-Q1,Mar-18,2665
2,Females,2,Victoria,3,Queensland,Q,Quarterly,2018-Q2,Jun-18,2840
3,Persons,8,Australian Capital Territory,1,New South Wales,Q,Quarterly,2017-Q3,Sep-17,2580
3,Persons,8,Australian Capital Territory,1,New South Wales,Q,Quarterly,2017-Q4,Dec-17,3651
3,Persons,8,Australian Capital Territory,1,New South Wales,Q,Quarterly,2018-Q1,Mar-18,3210
3,Persons,8,Australian Capital Territory,1,New South Wales,Q,Quarterly,2018-Q2,Jun-18,3059
1,Males,5,Western Australia,1,New South Wales,Q,Quarterly,2017-Q3,Sep-17,814
1,Males,5,Western Australia,1,New South Wales,Q,Quarterly,2017-Q4,Dec-17,1058
1,Males,5,Western Australia,1,New South Wales,Q,Quarterly,2018-Q1,Mar-18,1001
1,Males,5,Western Australia,1,New South Wales,Q,Quarterly,2018-Q2,Jun-18,976
3,Persons,3,Queensland,4,South Australia,Q,Quarterly,2017-Q3,Sep-17,1546
3,Persons,3,Queensland,4,South Australia,Q,Quarterly,2017-Q4,Dec-17,1959
3,Persons,3,Queensland,4,South Australia,Q,Quarterly,2018-Q1,Mar-18,1699
3,Persons,3,Queensland,4,South Australia,Q,Quarterly,2018-Q2,Jun-18,1444
1,Males,5,Western Australia,5,Western Australia,Q,Quarterly,2017-Q3,Sep-17,0
1,Males,5,Western Australia,5,Western Australia,Q,Quarterly,2017-Q4,Dec-17,0
1,Males,5,Western Australia,5,Western Australia,Q,Quarterly,2018-Q1,Mar-18,0
1,Males,5,Western Australia,5,Western Australia,Q,Quarterly,2018-Q2,Jun-18,0
3,Persons,5,Western Australia,8,Australian Capital Territory,Q,Quarterly,2017-Q3,Sep-17,199
3,Persons,5,Western Australia,8,Australian Capital Territory,Q,Quarterly,2017-Q4,Dec-17,242
3,Persons,5,Western Australia,8,Australian Capital Territory,Q,Quarterly,2018-Q1,Mar-18,239
3,Persons,5,Western Australia,8,Australian Capital Territory,Q,Quarterly,2018-Q2,Jun-18,181
1,Males,8,Australian Capital Territory,8,Australian Capital Territory,Q,Quarterly,2017-Q3,Sep-17,0
1,Males,8,Australian Capital Territory,8,Australian Capital Territory,Q,Quarterly,2017-Q4,Dec-17,0
1,Males,8,Australian Capital Territory,8,Australian Capital Territory,Q,Quarterly,2018-Q1,Mar-18,0
1,Males,8,Australian Capital Territory,8,Australian Capital Territory,Q,Quarterly,2018-Q2,Jun-18,0
3,Persons,3,Queensland,2,Victoria,Q,Quarterly,2017-Q3,Sep-17,5260
3,Persons,3,Queensland,2,Victoria,Q,Quarterly,2017-Q4,Dec-17,7112
3,Persons,3,Queensland,2,Victoria,Q,Quarterly,2018-Q1,Mar-18,5972
3,Persons,3,Queensland,2,Victoria,Q,Quarterly,2018-Q2,Jun-18,6241
3,Persons,2,Victoria,1,New South Wales,Q,Quarterly,2017-Q3,Sep-17,7272
3,Persons,2,Victoria,1,New South Wales,Q,Quarterly,2017-Q4,Dec-17,9103
3,Persons,2,Victoria,1,New South Wales,Q,Quarterly,2018-Q1,Mar-18,8218
3,Persons,2,Victoria,1,New South Wales,Q,Quarterly,2018-Q2,Jun-18,8126
1,Males,6,Tasmania,4,South Australia,Q,Quarterly,2017-Q3,Sep-17,76
1,Males,6,Tasmania,4,South Australia,Q,Quarterly,2017-Q4,Dec-17,107
1,Males,6,Tasmania,4,South Australia,Q,Quarterly,2018-Q1,Mar-18,92
1,Males,6,Tasmania,4,South Australia,Q,Quarterly,2018-Q2,Jun-18,87
2,Females,2,Victoria,2,Victoria,Q,Quarterly,2017-Q3,Sep-17,0
2,Females,2,Victoria,2,Victoria,Q,Quarterly,2017-Q4,Dec-17,0
2,Females,2,Victoria,2,Victoria,Q,Quarterly,2018-Q1,Mar-18,0
2,Females,2,Victoria,2,Victoria,Q,Quarterly,2018-Q2,Jun-18,0
2,Females,3,Queensland,7,Northern Territory,Q,Quarterly,2017-Q3,Sep-17,606
2,Females,3,Queensland,7,Northern Territory,Q,Quarterly,2017-Q4,Dec-17,823
2,Females,3,Queensland,7,Northern Territory,Q,Quarterly,2018-Q1,Mar-18,727
2,Females,3,Queensland,7,Northern Territory,Q,Quarterly,2018-Q2,Jun-18,679
2,Females,4,South Australia,1,New South Wales,Q,Quarterly,2017-Q3,Sep-17,655
2,Females,4,South Australia,1,New South Wales,Q,Quarterly,2017-Q4,Dec-17,830
2,Females,4,South Australia,1,New South Wales,Q,Quarterly,2018-Q1,Mar-18,800
2,Females,4,South Australia,1,New South Wales,Q,Quarterly,2018-Q2,Jun-18,765
3,Persons,3,Queensland,3,Queensland,Q,Quarterly,2017-Q3,Sep-17,0
3,Persons,3,Queensland,3,Queensland,Q,Quarterly,2017-Q4,Dec-17,0
3,Persons,3,Queensland,3,Queensland,Q,Quarterly,2018-Q1,Mar-18,0
3,Persons,3,Queensland,3,Queensland,Q,Quarterly,2018-Q2,Jun-18,0
2,Females,2,Victoria,6,Tasmania,Q,Quarterly,2017-Q3,Sep-17,446
2,Females,2,Victoria,6,Tasmania,Q,Quarterly,2017-Q4,Dec-17,648
2,Females,2,Victoria,6,Tasmania,Q,Quarterly,2018-Q1,Mar-18,465
2,Females,2,Victoria,6,Tasmania,Q,Quarterly,2018-Q2,Jun-18,541
3,Persons,8,Australian Capital Territory,8,Australian Capital Territory,Q,Quarterly,2017-Q3,Sep-17,0
3,Persons,8,Australian Capital Territory,8,Australian Capital Territory,Q,Quarterly,2017-Q4,Dec-17,0
3,Persons,8,Australian Capital Territory,8,Australian Capital Territory,Q,Quarterly,2018-Q1,Mar-18,0
3,Persons,8,Australian Capital Territory,8,Australian Capital Territory,Q,Quarterly,2018-Q2,Jun-18,0
2,Females,8,Australian Capital Territory,2,Victoria,Q,Quarterly,2017-Q3,Sep-17,329
2,Females,8,Australian Capital Territory,2,Victoria,Q,Quarterly,2017-Q4,Dec-17,493
2,Females,8,Australian Capital Territory,2,Victoria,Q,Quarterly,2018-Q1,Mar-18,432
2,Females,8,Australian Capital Territory,2,Victoria,Q,Quarterly,2018-Q2,Jun-18,426
3,Persons,3,Queensland,6,Tasmania,Q,Quarterly,2017-Q3,Sep-17,688
3,Persons,3,Queensland,6,Tasmania,Q,Quarterly,2017-Q4,Dec-17,884
3,Persons,3,Queensland,6,Tasmania,Q,Quarterly,2018-Q1,Mar-18,874
3,Persons,3,Queensland,6,Tasmania,Q,Quarterly,2018-Q2,Jun-18,818
1,Males,2,Victoria,7,Northern Territory,Q,Quarterly,2017-Q3,Sep-17,365
1,Males,2,Victoria,7,Northern Territory,Q,Quarterly,2017-Q4,Dec-17,521
1,Males,2,Victoria,7,Northern Territory,Q,Quarterly,2018-Q1,Mar-18,462
1,Males,2,Victoria,7,Northern Territory,Q,Quarterly,2018-Q2,Jun-18,408
2,Females,4,South Australia,8,Australian Capital Territory,Q,Quarterly,2017-Q3,Sep-17,87
2,Females,4,South Australia,8,Australian Capital Territory,Q,Quarterly,2017-Q4,Dec-17,114
2,Females,4,South Australia,8,Australian Capital Territory,Q,Quarterly,2018-Q1,Mar-18,102
2,Females,4,South Australia,8,Australian Capital Territory,Q,Quarterly,2018-Q2,Jun-18,92
1,Males,8,Australian Capital Territory,7,Northern Territory,Q,Quarterly,2017-Q3,Sep-17,50
1,Males,8,Australian Capital Territory,7,Northern Territory,Q,Quarterly,2017-Q4,Dec-17,77
1,Males,8,Australian Capital Territory,7,Northern Territory,Q,Quarterly,2018-Q1,Mar-18,92
1,Males,8,Australian Capital Territory,7,Northern Territory,Q,Quarterly,2018-Q2,Jun-18,45
2,Females,6,Tasmania,5,Western Australia,Q,Quarterly,2017-Q3,Sep-17,188
2,Females,6,Tasmania,5,Western Australia,Q,Quarterly,2017-Q4,Dec-17,198
2,Females,6,Tasmania,5,Western Australia,Q,Quarterly,2018-Q1,Mar-18,182
2,Females,6,Tasmania,5,Western Australia,Q,Quarterly,2018-Q2,Jun-18,192
1,Males,6,Tasmania,3,Queensland,Q,Quarterly,2017-Q3,Sep-17,408
1,Males,6,Tasmania,3,Queensland,Q,Quarterly,2017-Q4,Dec-17,479
1,Males,6,Tasmania,3,Queensland,Q,Quarterly,2018-Q1,Mar-18,520
1,Males,6,Tasmania,3,Queensland,Q,Quarterly,2018-Q2,Jun-18,465
1,Males,1,New South Wales,6,Tasmania,Q,Quarterly,2017-Q3,Sep-17,198
1,Males,1,New South Wales,6,Tasmania,Q,Quarterly,2017-Q4,Dec-17,301
1,Males,1,New South Wales,6,Tasmania,Q,Quarterly,2018-Q1,Mar-18,291
1,Males,1,New South Wales,6,Tasmania,Q,Quarterly,2018-Q2,Jun-18,254
1,Males,2,Victoria,5,Western Australia,Q,Quarterly,2017-Q3,Sep-17,1376
1,Males,2,Victoria,5,Western Australia,Q,Quarterly,2017-Q4,Dec-17,1787
1,Males,2,Victoria,5,Western Australia,Q,Quarterly,2018-Q1,Mar-18,1579
1,Males,2,Victoria,5,Western Australia,Q,Quarterly,2018-Q2,Jun-18,1588
3,Persons,7,Northern Territory,7,Northern Territory,Q,Quarterly,2017-Q3,Sep-17,0
3,Persons,7,Northern Territory,7,Northern Territory,Q,Quarterly,2017-Q4,Dec-17,0
3,Persons,7,Northern Territory,7,Northern Territory,Q,Quarterly,2018-Q1,Mar-18,0
3,Persons,7,Northern Territory,7,Northern Territory,Q,Quarterly,2018-Q2,Jun-18,0
1,Males,1,New South Wales,2,Victoria,Q,Quarterly,2017-Q3,Sep-17,2965
1,Males,1,New South Wales,2,Victoria,Q,Quarterly,2017-Q4,Dec-17,3449
1,Males,1,New South Wales,2,Victoria,Q,Quarterly,2018-Q1,Mar-18,3218
1,Males,1,New South Wales,2,Victoria,Q,Quarterly,2018-Q2,Jun-18,3364
3,Persons,2,Victoria,8,Australian Capital Territory,Q,Quarterly,2017-Q3,Sep-17,876
3,Persons,2,Victoria,8,Australian Capital Territory,Q,Quarterly,2017-Q4,Dec-17,1140
3,Persons,2,Victoria,8,Australian Capital Territory,Q,Quarterly,2018-Q1,Mar-18,1050
3,Persons,2,Victoria,8,Australian Capital Territory,Q,Quarterly,2018-Q2,Jun-18,939
3,Persons,6,Tasmania,2,Victoria,Q,Quarterly,2017-Q3,Sep-17,784
3,Persons,6,Tasmania,2,Victoria,Q,Quarterly,2017-Q4,Dec-17,1072
3,Persons,6,Tasmania,2,Victoria,Q,Quarterly,2018-Q1,Mar-18,1018
3,Persons,6,Tasmania,2,Victoria,Q,Quarterly,2018-Q2,Jun-18,1052
3,Persons,5,Western Australia,1,New South Wales,Q,Quarterly,2017-Q3,Sep-17,1625
3,Persons,5,Western Australia,1,New South Wales,Q,Quarterly,2017-Q4,Dec-17,2141
3,Persons,5,Western Australia,1,New South Wales,Q,Quarterly,2018-Q1,Mar-18,1988
3,Persons,5,Western Australia,1,New South Wales,Q,Quarterly,2018-Q2,Jun-18,1978
1,Males,8,Australian Capital Territory,5,Western Australia,Q,Quarterly,2017-Q3,Sep-17,121
1,Males,8,Australian Capital Territory,5,Western Australia,Q,Quarterly,2017-Q4,Dec-17,195
1,Males,8,Australian Capital Territory,5,Western Australia,Q,Quarterly,2018-Q1,Mar-18,134
1,Males,8,Australian Capital Territory,5,Western Australia,Q,Quarterly,2018-Q2,Jun-18,153
1,Males,3,Queensland,4,South Australia,Q,Quarterly,2017-Q3,Sep-17,778
1,Males,3,Queensland,4,South Australia,Q,Quarterly,2017-Q4,Dec-17,976
1,Males,3,Queensland,4,South Australia,Q,Quarterly,2018-Q1,Mar-18,863
1,Males,3,Queensland,4,South Australia,Q,Quarterly,2018-Q2,Jun-18,722